time,open,high,low,close,volume,ctime,quote,ntrades,tbbav,tbqav,ignore
1532750160000,0.05741200,0.05746000,0.05737500,0.05745400,119.89700000,1532750219999,6.88430387,71,73.14400000,4.20065754,0
1532750220000,0.05742400,0.05746000,0.05738300,0.05743500,72.13300000,1532750279999,4.14241815,77,27.10600000,1.55665752,0
1532750280000,0.05745600,0.05745600,0.05742400,0.05743700,29.23500000,1532750339999,1.67902265,66,14.09700000,0.80965526,0
1532750340000,0.05743700,0.05743800,0.05737200,0.05743100,34.64400000,1532750399999,1.98934540,61,15.97300000,0.91721100,0
1532750400000,0.05743800,0.05743800,0.05737200,0.05737300,13.98800000,1532750459999,0.80294107,48,8.52900000,0.48959345,0
1532750460000,0.05739900,0.05739900,0.05737200,0.05739200,31.15900000,1532750519999,1.78782436,47,9.21500000,0.52883181,0
1532750520000,0.05739200,0.05739300,0.05737200,0.05737700,43.19000000,1532750579999,2.47818150,45,19.54600000,1.12165735,0
1532750580000,0.05737200,0.05738300,0.05731100,0.05734900,24.85400000,1532750639999,1.42545081,33,0.99100000,0.05686229,0
1532750640000,0.05734900,0.05736900,0.05734200,0.05736000,147.11500000,1532750699999,8.43715069,47,3.35000000,0.19215867,0
1532750700000,0.05736000,0.05736000,0.05734200,0.05734600,18.35800000,1532750759999,1.05279751,58,12.30300000,0.70558992,0
1532750760000,0.05734200,0.05734900,0.05734200,0.05734900,18.24000000,1532750819999,1.04597117,61,10.81200000,0.62003184,0
1532750820000,0.05734300,0.05736700,0.05731100,0.05736700,22.89800000,1532750879999,1.31327729,51,17.89200000,1.02621108,0
1532750880000,0.05739200,0.05739200,0.05732500,0.05733200,27.38800000,1532750939999,1.57104675,58,14.87900000,0.85360416,0
1532750940000,0.05734900,0.05735000,0.05733100,0.05733300,14.73200000,1532750999999,0.84474744,48,8.85800000,0.50796613,0
1532751000000,0.05734800,0.05735000,0.05733200,0.05733300,204.91900000,1532751059999,11.74926273,43,33.33700000,1.91168385,0
1532751060000,0.05733300,0.05738300,0.05733300,0.05733800,71.05200000,1532751119999,4.07412210,48,8.47000000,0.48600751,0
1532751120000,0.05733800,0.05737200,0.05733200,0.05735000,17.37000000,1532751179999,0.99611314,40,10.52100000,0.60341350,0
1532751180000,0.05737000,0.05737200,0.05735000,0.05737200,10.57200000,1532751239999,0.60639039,46,5.27400000,0.30253444,0
1532751240000,0.05735600,0.05737100,0.05735600,0.05737000,21.45700000,1532751299999,1.23081722,33,3.97000000,0.22775110,0
1532751300000,0.05737000,0.05738300,0.05736000,0.05736100,34.80600000,1532751359999,1.99688491,68,24.85000000,1.42576483,0
1532751360000,0.05736200,0.05738200,0.05736100,0.05738100,88.36100000,1532751419999,5.06959375,39,74.75800000,4.28930032,0
1532751420000,0.05736900,0.05738200,0.05736700,0.05736700,151.31900000,1532751479999,8.68152350,47,70.88200000,4.06699866,0
1532751480000,0.05738200,0.05738200,0.05736700,0.05738200,183.58300000,1532751539999,10.53247218,43,88.69700000,5.08903950,0
1532751540000,0.05737500,0.05738200,0.05736100,0.05736100,51.73100000,1532751599999,2.96789038,49,25.36600000,1.45538976,0
1532751600000,0.05736100,0.05736200,0.05733100,0.05734000,19.81500000,1532751659999,1.13649130,36,3.56500000,0.20444996,0
1532751660000,0.05734000,0.05735000,0.05731100,0.05734000,64.85700000,1532751719999,3.71834441,54,24.18200000,1.38647194,0
1532751720000,0.05734000,0.05734000,0.05731700,0.05733800,30.13900000,1532751779999,1.72793676,30,19.80300000,1.13541520,0
1532751780000,0.05733800,0.05735000,0.05731700,0.05734800,15.43200000,1532751839999,0.88485130,36,10.02500000,0.57487732,0
1532751840000,0.05732600,0.05735000,0.05731700,0.05735000,113.34300000,1532751899999,6.49792911,64,37.68100000,2.16053012,0
1532751900000,0.05732700,0.05735000,0.05732700,0.05733100,215.10600000,1532751959999,12.33254648,37,34.83400000,1.99736234,0
1532751960000,0.05735000,0.05735000,0.05733000,0.05733100,349.39400000,1532752019999,20.03153687,35,48.43700000,2.77727370,0
1532752020000,0.05734600,0.05734700,0.05733000,0.05733800,179.87000000,1532752079999,10.31289799,35,41.32800000,2.36966793,0
1532752080000,0.05734700,0.05738000,0.05733800,0.05734100,115.73000000,1532752139999,6.63637210,29,95.97200000,5.50346763,0
1532752140000,0.05736300,0.05736400,0.05734000,0.05734500,120.93600000,1532752199999,6.93572280,38,88.83600000,5.09504193,0
1532752200000,0.05734400,0.05736600,0.05734400,0.05734900,161.28900000,1532752259999,9.25102226,54,119.00000000,6.82580290,0
1532752260000,0.05736200,0.05736400,0.05734800,0.05734800,110.46500000,1532752319999,6.33539944,64,47.00600000,2.69603270,0
1532752320000,0.05734900,0.05736300,0.05732000,0.05734400,24.97300000,1532752379999,1.43191341,77,2.67600000,0.15346516,0
1532752380000,0.05733200,0.05735400,0.05733200,0.05735200,12.82800000,1532752439999,0.73558513,41,7.77200000,0.44570414,0
1532752440000,0.05733300,0.05735400,0.05733200,0.05733300,24.38200000,1532752499999,1.39814373,41,13.20700000,0.75745035,0
1532752500000,0.05733200,0.05735300,0.05733200,0.05734800,117.04800000,1532752559999,6.71074141,35,12.18900000,0.69886206,0
1532752560000,0.05735200,0.05735300,0.05730000,0.05732500,265.69300000,1532752619999,15.23111882,55,93.46700000,5.35900202,0
1532752620000,0.05732300,0.05737900,0.05732200,0.05737700,155.03000000,1532752679999,8.88792237,58,147.10600000,8.43354112,0
1532752680000,0.05736000,0.05738000,0.05735000,0.05735200,44.15000000,1532752739999,2.53275828,49,27.89800000,1.60055862,0
1532752740000,0.05735100,0.05737200,0.05733100,0.05733700,31.27900000,1532752799999,1.79419670,63,19.35800000,1.11053152,0
1532752800000,0.05734100,0.05738600,0.05734100,0.05734700,29.32700000,1532752859999,1.68188471,48,2.64900000,0.15198995,0
1532752860000,0.05734700,0.05736600,0.05733700,0.05733700,96.31800000,1532752919999,5.52369628,63,33.40700000,1.91601949,0
1532752920000,0.05733700,0.05736600,0.05733700,0.05733700,42.53000000,1532752979999,2.43856827,44,1.94100000,0.11130465,0
1532752980000,0.05733700,0.05733700,0.05730100,0.05732200,51.58400000,1532753039999,2.95715380,59,28.48600000,1.63304323,0
1532753040000,0.05732200,0.05735800,0.05729900,0.05730300,26.47000000,1532753099999,1.51751949,52,14.64100000,0.83936651,0
1532753100000,0.05731300,0.05734900,0.05727800,0.05729800,63.36500000,1532753159999,3.63093417,71,11.57900000,0.66362634,0
1532753160000,0.05727900,0.05729900,0.05726600,0.05726600,65.67000000,1532753219999,3.76122962,64,36.00700000,2.06229062,0
1532753220000,0.05729300,0.05729300,0.05726600,0.05728600,33.71100000,1532753279999,1.93092909,45,26.55300000,1.52101554,0
1532753280000,0.05726700,0.05731500,0.05726600,0.05726600,13.42700000,1532753339999,0.76909101,48,6.13700000,0.35159823,0
1532753340000,0.05725500,0.05726800,0.05722100,0.05726700,32.59100000,1532753399999,1.86528297,53,9.73500000,0.55733175,0
1532753400000,0.05725900,0.05731400,0.05724900,0.05725500,16.11200000,1532753459999,0.92267838,42,13.75500000,0.78773578,0
1532753460000,0.05725700,0.05729400,0.05725100,0.05729400,33.84900000,1532753519999,1.93830774,57,11.80600000,0.67618449,0
1532753520000,0.05728800,0.05728800,0.05724800,0.05726800,22.07300000,1532753579999,1.26378282,44,8.34200000,0.47770298,0
1532753580000,0.05726500,0.05727100,0.05724800,0.05724800,38.08700000,1532753639999,2.18058211,45,9.31700000,0.53352739,0
1532753640000,0.05724800,0.05725500,0.05721900,0.05723400,106.37800000,1532753699999,6.08958131,71,19.16100000,1.09673404,0
1532753700000,0.05722600,0.05724900,0.05719000,0.05722200,56.70100000,1532753759999,3.24464224,47,31.65300000,1.81164332,0
1532753760000,0.05722200,0.05722700,0.05720000,0.05722100,141.76800000,1532753819999,8.11209868,56,114.66200000,6.56130218,0
1532753820000,0.05722100,0.05722100,0.05717000,0.05717300,31.30800000,1532753879999,1.79061462,52,9.10800000,0.52102483,0
1532753880000,0.05719200,0.05720900,0.05714900,0.05718700,57.48600000,1532753939999,3.28761922,100,41.98700000,2.40136228,0
1532753940000,0.05718500,0.05718700,0.05715600,0.05718400,26.71400000,1532753999999,1.52747840,72,22.17000000,1.26771014,0
1532754000000,0.05718500,0.05723700,0.05710000,0.05717800,69.19000000,1532754059999,3.95590238,127,43.69800000,2.49936754,0
1532754060000,0.05715900,0.05721000,0.05715800,0.05721000,23.47500000,1532754119999,1.34216447,41,17.76400000,1.01572055,0
1532754120000,0.05721500,0.05721500,0.05715500,0.05717200,31.06900000,1532754179999,1.77620641,36,18.67700000,1.06790366,0
1532754180000,0.05715500,0.05717300,0.05710000,0.05716400,43.05900000,1532754239999,2.46020319,49,10.52300000,0.60158075,0
1532754240000,0.05714500,0.05716500,0.05710000,0.05711900,73.29100000,1532754299999,4.18699902,118,37.49200000,2.14200719,0
1532754300000,0.05712000,0.05714400,0.05712000,0.05714300,66.77800000,1532754359999,3.81556287,103,56.77300000,3.24398926,0
1532754360000,0.05712500,0.05714400,0.05711900,0.05713200,29.55500000,1532754419999,1.68873521,51,22.45900000,1.28336740,0
1532754420000,0.05712400,0.05716400,0.05712400,0.05714100,19.97900000,1532754479999,1.14192698,73,16.07500000,0.91883910,0
1532754480000,0.05714100,0.05716100,0.05714100,0.05715800,7.35000000,1532754539999,0.42006928,22,4.31400000,0.24656902,0
1532754540000,0.05715800,0.05716400,0.05712000,0.05716300,22.14800000,1532754599999,1.26570263,44,12.34400000,0.70561181,0
1532754600000,0.05714300,0.05716400,0.05712000,0.05716100,18.35800000,1532754659999,1.04917706,46,8.58000000,0.49043540,0
1532754660000,0.05713500,0.05717300,0.05711200,0.05713800,31.81600000,1532754719999,1.81791579,52,9.58600000,0.54800735,0
1532754720000,0.05711400,0.05714400,0.05706500,0.05712800,72.96000000,1532754779999,4.16664451,66,21.43100000,1.22412665,0
1532754780000,0.05712800,0.05716000,0.05711800,0.05714400,49.72000000,1532754839999,2.84119613,61,33.18200000,1.89622346,0
1532754840000,0.05716000,0.05721500,0.05714400,0.05714400,47.35400000,1532754899999,2.70703075,69,29.46600000,1.68482627,0
1532754900000,0.05714400,0.05716200,0.05711000,0.05711100,25.78700000,1532754959999,1.47365677,48,11.65700000,0.66629375,0
1532754960000,0.05711100,0.05716000,0.05711100,0.05716000,16.94300000,1532755019999,0.96825100,54,11.68600000,0.66794252,0
1532755020000,0.05716100,0.05719800,0.05711800,0.05712200,31.64500000,1532755079999,1.80845248,76,16.64000000,0.95111001,0
1532755080000,0.05712100,0.05721500,0.05712100,0.05716800,48.08200000,1532755139999,2.74859320,76,29.41400000,1.68167983,0
1532755140000,0.05718300,0.05720800,0.05713300,0.05719700,27.78200000,1532755199999,1.58850749,71,21.36100000,1.22144438,0
1532755200000,0.05719700,0.05720200,0.05715600,0.05716500,13.48200000,1532755259999,0.77090239,43,5.06300000,0.28958629,0
1532755260000,0.05717800,0.05719100,0.05716000,0.05718300,7.82500000,1532755319999,0.44739167,35,4.32500000,0.24731287,0
1532755320000,0.05718300,0.05719700,0.05714000,0.05717400,38.26800000,1532755379999,2.18758419,51,13.31700000,0.76141907,0
1532755380000,0.05715600,0.05719900,0.05715500,0.05716300,16.13900000,1532755439999,0.92270915,52,10.12300000,0.57882976,0
1532755440000,0.05719400,0.05719400,0.05716700,0.05719000,5.31200000,1532755499999,0.30370494,38,1.20000000,0.06861678,0
1532755500000,0.05719000,0.05719400,0.05717100,0.05719400,37.15100000,1532755559999,2.12444497,92,22.89600000,1.30939159,0
1532755560000,0.05719100,0.05720100,0.05717300,0.05718100,20.79500000,1532755619999,1.18925168,63,13.82900000,0.79094297,0
1532755620000,0.05719200,0.05719200,0.05716600,0.05718200,27.25800000,1532755679999,1.55852399,57,11.59800000,0.66320268,0
1532755680000,0.05716700,0.05720000,0.05716600,0.05717600,16.65700000,1532755739999,0.95252305,45,11.52900000,0.65935163,0
1532755740000,0.05719900,0.05720000,0.05717600,0.05717600,3.98800000,1532755799999,0.22805970,23,1.76600000,0.10101361,0
1532755800000,0.05717800,0.05719800,0.05717600,0.05717700,14.12300000,1532755859999,0.80761173,35,8.68700000,0.49679524,0
1532755860000,0.05717700,0.05719600,0.05716700,0.05717700,12.94300000,1532755919999,0.74009523,27,6.19000000,0.35400953,0
1532755920000,0.05717600,0.05719600,0.05716700,0.05716700,8.98700000,1532755979999,0.51390765,28,4.82000000,0.27566040,0
1532755980000,0.05716700,0.05719400,0.05716600,0.05716700,38.33200000,1532756039999,2.19184363,51,25.55400000,1.46137221,0
1532756040000,0.05716700,0.05719400,0.05716600,0.05718400,12.35400000,1532756099999,0.70629143,23,1.68200000,0.09619293,0
1532756100000,0.05718400,0.05718400,0.05715900,0.05716000,11.75000000,1532756159999,0.67168038,52,3.12600000,0.17873899,0
1532756160000,0.05717800,0.05717800,0.05715000,0.05715200,8.79500000,1532756219999,0.50272857,41,4.45300000,0.25454140,0
1532756220000,0.05715100,0.05716000,0.05712100,0.05714600,33.60500000,1532756279999,1.91996586,29,12.51900000,0.71542673,0
1532756280000,0.05714200,0.05714400,0.05712200,0.05712500,20.39800000,1532756339999,1.16537402,29,14.83900000,0.84782270,0
1532756340000,0.05712500,0.05715100,0.05711900,0.05715000,33.08200000,1532756399999,1.89012259,66,23.96400000,1.36928030,0
1532756400000,0.05715000,0.05718000,0.05712600,0.05713300,14.31700000,1532756459999,0.81835344,28,8.90100000,0.50878253,0
1532756460000,0.05715700,0.05718100,0.05713300,0.05717700,13.25100000,1532756519999,0.75736715,38,9.10400000,0.52038460,0
1532756520000,0.05715200,0.05717300,0.05712500,0.05712500,12.73000000,1532756579999,0.72752167,31,1.08100000,0.06178387,0
1532756580000,0.05712500,0.05715500,0.05711400,0.05715300,16.35000000,1532756639999,0.93421618,35,7.45000000,0.42575822,0
1532756640000,0.05715300,0.05715800,0.05715000,0.05715100,13.13100000,1532756699999,0.75049503,40,12.55500000,0.71757601,0
1532756700000,0.05715100,0.05719000,0.05715000,0.05715100,45.65000000,1532756759999,2.61008407,46,38.94600000,2.22691422,0
1532756760000,0.05719600,0.05719600,0.05715500,0.05717600,18.25700000,1532756819999,1.04396516,33,5.59200000,0.31976177,0
1532756820000,0.05716700,0.05717600,0.05715800,0.05715900,6.05200000,1532756879999,0.34594657,18,2.33700000,0.13360388,0
1532756880000,0.05715800,0.05717300,0.05713600,0.05717300,12.17000000,1532756939999,0.69553762,37,7.14100000,0.40812050,0
1532756940000,0.05717300,0.05717600,0.05712500,0.05714600,21.32700000,1532756999999,1.21901970,37,12.60200000,0.72038590,0
1532757000000,0.05717300,0.05717300,0.05714400,0.05714600,20.05800000,1532757059999,1.14656061,39,12.83000000,0.73348667,0
1532757060000,0.05716100,0.05717600,0.05714600,0.05717300,52.34200000,1532757119999,2.99196039,62,49.51300000,2.83028967,0
1532757120000,0.05715000,0.05717600,0.05715000,0.05715900,13.35600000,1532757179999,0.76347993,31,6.00100000,0.34310715,0
1532757180000,0.05717600,0.05718900,0.05715500,0.05718900,20.62500000,1532757239999,1.17919562,53,15.14300000,0.86584051,0
1532757240000,0.05718000,0.05720000,0.05716900,0.05720000,53.11500000,1532757299999,3.03760339,72,37.01100000,2.11677467,0
1532757300000,0.05718700,0.05720100,0.05718500,0.05720100,129.08700000,1532757359999,7.38341225,69,124.66700000,7.13064221,0
1532757360000,0.05720000,0.05723600,0.05717700,0.05723600,54.16800000,1532757419999,3.09880388,70,34.87500000,1.99527507,0
1532757420000,0.05720600,0.05729200,0.05720300,0.05726500,47.25600000,1532757479999,2.70503828,76,29.31000000,1.67793098,0
1532757480000,0.05729100,0.05729400,0.05726500,0.05726800,75.82600000,1532757539999,4.34324411,74,48.09600000,2.75512702,0
1532757540000,0.05728900,0.05735200,0.05726800,0.05731400,95.99300000,1532757599999,5.50074188,118,60.08200000,3.44294991,0
1532757600000,0.05731500,0.05735100,0.05731100,0.05732500,36.40200000,1532757659999,2.08696823,76,20.08700000,1.15170487,0
1532757660000,0.05732500,0.05740000,0.05732300,0.05736700,92.16300000,1532757719999,5.28693119,117,60.23000000,3.45525066,0
1532757720000,0.05736700,0.05740200,0.05735500,0.05735800,334.42600000,1532757779999,19.18779960,79,12.26700000,0.70400262,0
1532757780000,0.05735800,0.05740000,0.05735800,0.05740000,69.02800000,1532757839999,3.96111911,33,3.62200000,0.20785554,0
1532757840000,0.05736700,0.05740300,0.05736100,0.05738300,67.48500000,1532757899999,3.87242444,97,42.17700000,2.42051511,0
1532757900000,0.05741900,0.05742000,0.05739800,0.05740000,11.90400000,1532757959999,0.68334158,54,3.55400000,0.20404839,0
1532757960000,0.05740000,0.05741600,0.05736600,0.05738100,19.79700000,1532758019999,1.13603481,35,5.37500000,0.30850874,0
1532758020000,0.05738000,0.05741600,0.05738000,0.05739600,28.68400000,1532758079999,1.64647733,37,15.96400000,0.91640509,0
1532758080000,0.05739700,0.05741600,0.05739500,0.05741600,70.55000000,1532758139999,4.04928352,55,7.89000000,0.45290333,0
1532758140000,0.05741500,0.05741600,0.05739500,0.05739600,72.30200000,1532758199999,4.15025746,54,42.63200000,2.44729090,0
1532758200000,0.05739600,0.05741500,0.05739500,0.05741200,96.62600000,1532758259999,5.54617365,65,20.12500000,1.15531552,0
1532758260000,0.05741200,0.05741200,0.05739500,0.05741000,153.26400000,1532758319999,8.79787999,67,110.62700000,6.35069194,0
1532758320000,0.05741000,0.05741600,0.05739500,0.05741500,15.11400000,1532758379999,0.86772596,49,13.92900000,0.79970050,0
1532758380000,0.05741400,0.05741500,0.05739500,0.05739500,137.34200000,1532758439999,7.88372821,51,76.57000000,4.39569147,0
1532758440000,0.05739500,0.05740000,0.05739500,0.05739500,43.19400000,1532758499999,2.47912195,51,2.31400000,0.13281432,0
1532758500000,0.05739500,0.05741100,0.05739500,0.05739700,185.73100000,1532758559999,10.66131115,51,148.23700000,8.50929229,0
1532758560000,0.05741000,0.05741100,0.05739500,0.05740900,10.47900000,1532758619999,0.60152979,48,5.65300000,0.32453279,0
1532758620000,0.05740800,0.05744100,0.05739500,0.05744100,32.70500000,1532758679999,1.87767949,44,28.06600000,1.61142351,0
1532758680000,0.05739800,0.05744800,0.05739800,0.05740600,8.71800000,1532758739999,0.50063628,32,6.13500000,0.35237036,0
1532758740000,0.05740600,0.05745000,0.05739500,0.05740300,12.31500000,1532758799999,0.70704623,49,2.73500000,0.15708798,0
1532758800000,0.05742700,0.05742700,0.05739500,0.05740500,29.15500000,1532758859999,1.67378622,74,6.66700000,0.38285035,0
1532758860000,0.05741200,0.05746200,0.05740500,0.05743200,29.88400000,1532758919999,1.71614463,86,16.21000000,0.93099543,0
1532758920000,0.05743200,0.05746100,0.05741400,0.05741700,15.31200000,1532758979999,0.87938346,34,4.31400000,0.24783115,0
1532758980000,0.05744600,0.05744600,0.05741400,0.05742100,13.78800000,1532759039999,0.79190202,53,10.36800000,0.59552552,0
1532759040000,0.05742000,0.05746200,0.05741400,0.05744100,29.61300000,1532759099999,1.70069709,56,15.76100000,0.90532648,0
1532759100000,0.05744200,0.05746200,0.05743600,0.05746100,27.94800000,1532759159999,1.60561717,56,20.40300000,1.17223762,0
1532759160000,0.05745100,0.05747500,0.05743600,0.05746800,48.88800000,1532759219999,2.80913872,43,46.69500000,2.68317447,0
1532759220000,0.05746800,0.05747200,0.05744600,0.05745700,71.95700000,1532759279999,4.13450440,67,50.96900000,2.92874925,0
1532759280000,0.05745000,0.05747900,0.05741400,0.05741400,28.52500000,1532759339999,1.63885157,75,9.19200000,0.52817716,0
1532759340000,0.05741400,0.05745300,0.05741400,0.05742100,50.34100000,1532759399999,2.89126961,67,32.64500000,1.87506550,0
1532759400000,0.05744100,0.05744100,0.05742000,0.05742400,29.52100000,1532759459999,1.69544725,31,20.24600000,1.16286229,0
1532759460000,0.05742300,0.05747700,0.05742300,0.05745900,36.18000000,1532759519999,2.07851571,35,30.46100000,1.75010044,0
1532759520000,0.05745900,0.05745900,0.05739500,0.05743800,305.45900000,1532759579999,17.53553738,64,39.07100000,2.24404857,0
1532759580000,0.05743700,0.05748100,0.05741800,0.05748100,273.94200000,1532759639999,15.73338803,74,233.32600000,13.40087307,0
1532759640000,0.05743900,0.05743900,0.05742500,0.05742600,48.52200000,1532759699999,2.78683940,37,27.23000000,1.56399804,0
1532759700000,0.05742500,0.05743900,0.05741400,0.05743600,15.99700000,1532759759999,0.91867396,37,4.13700000,0.23761899,0
1532759760000,0.05743400,0.05743400,0.05741400,0.05742000,27.09500000,1532759819999,1.55589398,57,8.21000000,0.47151485,0
1532759820000,0.05743400,0.05743900,0.05741000,0.05741500,32.76600000,1532759879999,1.88152426,37,13.02200000,0.74790352,0
1532759880000,0.05741600,0.05747800,0.05741500,0.05743700,23.45700000,1532759939999,1.34754785,82,13.75400000,0.79025096,0
1532759940000,0.05745600,0.05747500,0.05741000,0.05741200,74.59300000,1532759999999,4.28382792,44,47.90300000,2.75143433,0
1532760000000,0.05745900,0.05745900,0.05739500,0.05743000,36.77700000,1532760059999,2.11153147,53,26.68600000,1.53231624,0
1532760060000,0.05743100,0.05743600,0.05741000,0.05743000,20.99300000,1532760119999,1.20527260,57,2.47300000,0.14201879,0
1532760120000,0.05742900,0.05742900,0.05739500,0.05739500,25.71500000,1532760179999,1.47645786,31,5.68700000,0.32652805,0
1532760180000,0.05739600,0.05744600,0.05739500,0.05740000,13.21000000,1532760239999,0.75836091,35,4.77300000,0.27406923,0
1532760240000,0.05742400,0.05745100,0.05740000,0.05741700,10.31600000,1532760299999,0.59232507,48,6.90100000,0.39626652,0
1532760300000,0.05741700,0.05742800,0.05740200,0.05742600,51.93400000,1532760359999,2.98178597,67,20.45600000,1.17449860,0
1532760360000,0.05742700,0.05742800,0.05740000,0.05742000,208.93900000,1532760419999,11.99617386,65,154.97000000,8.89776637,0
1532760420000,0.05741900,0.05745000,0.05740100,0.05745000,38.13100000,1532760479999,2.18953160,48,32.45700000,1.86382382,0
1532760480000,0.05745000,0.05745000,0.05741900,0.05744900,18.46000000,1532760539999,1.06041409,45,13.04800000,0.74959489,0
1532760540000,0.05743000,0.05745000,0.05740100,0.05741300,22.73800000,1532760599999,1.30589025,77,15.16200000,0.87085013,0
1532760600000,0.05741300,0.05745000,0.05741200,0.05741200,33.36100000,1532760659999,1.91614450,71,20.23800000,1.16259515,0
1532760660000,0.05744400,0.05746700,0.05740100,0.05740100,115.92100000,1532760719999,6.65827631,98,75.60500000,4.34332603,0
1532760720000,0.05740000,0.05742900,0.05736000,0.05737800,277.74600000,1532760779999,15.94062691,76,39.35600000,2.25831179,0
1532760780000,0.05736100,0.05743700,0.05735000,0.05739400,183.27500000,1532760839999,10.51522808,76,125.26000000,7.18733574,0
1532760840000,0.05743000,0.05743000,0.05739200,0.05739200,156.25300000,1532760899999,8.97047466,49,129.63500000,7.44265362,0
1532760900000,0.05740400,0.05743300,0.05740400,0.05743300,157.26500000,1532760959999,9.03031783,46,153.52800000,8.81579820,0
1532760960000,0.05743200,0.05745000,0.05740900,0.05743000,33.87900000,1532761019999,1.94555484,67,22.89900000,1.31518818,0
1532761020000,0.05741100,0.05743100,0.05736600,0.05741500,108.34400000,1532761079999,6.21960074,70,94.24200000,5.41020368,0
1532761080000,0.05739300,0.05744900,0.05737900,0.05741500,156.27600000,1532761139999,8.97308973,53,140.88100000,8.08932349,0
1532761140000,0.05741600,0.05741600,0.05737900,0.05738000,76.68200000,1532761199999,4.40209492,39,73.74600000,4.23361238,0
1532761200000,0.05738100,0.05744400,0.05737900,0.05739100,66.45800000,1532761259999,3.81475483,46,57.56400000,3.30436366,0
1532761260000,0.05739700,0.05744100,0.05739700,0.05741300,48.12800000,1532761319999,2.76310606,43,42.71300000,2.45227885,0
1532761320000,0.05740300,0.05745000,0.05737300,0.05745000,74.74400000,1532761379999,4.29205423,56,58.37700000,3.35284730,0
1532761380000,0.05744700,0.05745000,0.05737300,0.05741400,124.25700000,1532761439999,7.13388599,53,80.82700000,4.64153758,0
1532761440000,0.05741400,0.05743400,0.05738100,0.05739100,34.81700000,1532761499999,1.99932559,45,10.54600000,0.60545619,0
1532761500000,0.05739300,0.05743400,0.05737700,0.05742300,29.82400000,1532761559999,1.71180688,49,11.43100000,0.65632038,0
1532761560000,0.05742400,0.05746000,0.05738700,0.05742100,51.04800000,1532761619999,2.93139147,43,45.39200000,2.60674345,0
1532761620000,0.05739600,0.05743100,0.05738300,0.05743100,27.99800000,1532761679999,1.60723697,36,16.27500000,0.93438441,0
1532761680000,0.05741200,0.05747900,0.05741100,0.05741700,45.67300000,1532761739999,2.62294041,44,29.48900000,1.69374658,0
1532761740000,0.05744800,0.05747500,0.05739100,0.05744400,17.71300000,1532761799999,1.01724478,55,8.13400000,0.46724739,0
1532761800000,0.05744300,0.05744300,0.05741700,0.05742900,19.17500000,1532761859999,1.10115719,47,14.28500000,0.82037606,0
1532761860000,0.05743800,0.05747500,0.05740300,0.05741800,25.11300000,1532761919999,1.44248598,57,11.23100000,0.64535693,0
1532761920000,0.05741800,0.05744600,0.05741800,0.05744600,14.72900000,1532761979999,0.84600794,47,11.29000000,0.64849505,0
1532761980000,0.05744500,0.05746600,0.05742600,0.05744200,80.74900000,1532762039999,4.63891417,50,74.73600000,4.29354241,0
1532762040000,0.05744200,0.05749000,0.05741700,0.05741700,23.88600000,1532762099999,1.37211863,41,9.78700000,0.56239107,0
1532762100000,0.05741700,0.05745500,0.05740300,0.05742400,72.81000000,1532762159999,4.18056933,56,64.22200000,3.68755990,0
1532762160000,0.05742500,0.05746100,0.05741400,0.05741400,52.04900000,1532762219999,2.98905887,90,10.91600000,0.62708168,0
1532762220000,0.05741600,0.05746000,0.05739000,0.05745300,112.38900000,1532762279999,6.45305800,114,33.19900000,1.90695863,0
1532762280000,0.05743100,0.05745400,0.05740500,0.05745400,47.91500000,1532762339999,2.75224287,69,24.91600000,1.43147743,0
1532762340000,0.05745200,0.05748100,0.05741600,0.05744400,39.70300000,1532762399999,2.28024542,80,11.01000000,0.63257019,0
1532762400000,0.05744200,0.05746800,0.05741300,0.05741300,51.29000000,1532762459999,2.94492431,56,3.63300000,0.20870328,0
1532762460000,0.05745300,0.05746000,0.05739100,0.05741700,62.48000000,1532762519999,3.58732760,80,17.72500000,1.01818457,0
1532762520000,0.05743300,0.05745100,0.05738800,0.05740400,75.57900000,1532762579999,4.33910530,130,48.71900000,2.79730769,0
1532762580000,0.05740400,0.05742900,0.05736500,0.05742700,56.24200000,1532762639999,3.22861580,94,35.50400000,2.03848120,0
1532762640000,0.05742700,0.05745700,0.05738800,0.05744100,25.78300000,1532762699999,1.48069301,59,13.39100000,0.76912693,0
1532762700000,0.05742000,0.05744800,0.05738400,0.05739600,29.21900000,1532762759999,1.67750686,31,5.40200000,0.31027081,0
1532762760000,0.05739800,0.05743400,0.05735300,0.05743300,37.19100000,1532762819999,2.13468686,67,16.57800000,0.95188255,0
1532762820000,0.05742700,0.05742700,0.05731500,0.05731900,84.24400000,1532762879999,4.83213120,139,18.43100000,1.05794120,0
1532762880000,0.05731900,0.05737200,0.05730000,0.05734200,205.41200000,1532762939999,11.77592426,207,74.93500000,4.29785947,0
1532762940000,0.05730500,0.05737700,0.05728200,0.05735800,222.00900000,1532762999999,12.72746634,215,111.48500000,6.39288580,0
1532763000000,0.05735800,0.05740500,0.05732800,0.05737700,58.90700000,1532763059999,3.37922517,102,41.03600000,2.35447845,0
1532763060000,0.05737700,0.05739700,0.05732500,0.05736000,36.25900000,1532763119999,2.07970832,66,4.61000000,0.26446128,0
1532763120000,0.05734000,0.05738200,0.05733800,0.05737600,46.47200000,1532763179999,2.66574169,77,26.53500000,1.52235453,0
1532763180000,0.05737600,0.05740600,0.05733800,0.05734500,61.86800000,1532763239999,3.54882456,92,15.60200000,0.89513224,0
1532763240000,0.05733800,0.05737700,0.05733800,0.05735900,6.36500000,1532763299999,0.36499584,27,1.51400000,0.08684874,0
1532763300000,0.05733900,0.05737900,0.05733500,0.05734500,24.96600000,1532763359999,1.43172838,71,11.00200000,0.63107414,0
1532763360000,0.05734500,0.05736200,0.05733200,0.05733400,38.68200000,1532763419999,2.21804669,96,23.88300000,1.36957209,0
1532763420000,0.05733400,0.05740000,0.05733200,0.05735600,31.12000000,1532763479999,1.78484895,76,17.76000000,1.01879301,0
1532763480000,0.05734300,0.05735700,0.05732800,0.05734400,35.65200000,1532763539999,2.04426700,56,13.86900000,0.79537560,0
1532763540000,0.05733400,0.05733400,0.05728600,0.05731700,69.43900000,1532763599999,3.97979722,115,17.44200000,0.99977616,0
1532763600000,0.05732400,0.05734700,0.05732400,0.05734700,46.99100000,1532763659999,2.69416344,64,29.22100000,1.67546221,0
1532763660000,0.05733000,0.05734700,0.05728300,0.05730500,33.49300000,1532763719999,1.91994725,61,18.68800000,1.07147172,0
1532763720000,0.05730500,0.05734000,0.05730400,0.05732900,71.56600000,1532763779999,4.10230725,52,52.28400000,2.99732484,0
1532763780000,0.05732700,0.05739700,0.05731100,0.05735700,77.96000000,1532763839999,4.47118274,62,60.94000000,3.49542106,0
1532763840000,0.05734900,0.05737600,0.05732700,0.05734600,16.36200000,1532763899999,0.93832355,47,12.11700000,0.69493722,0
1532763900000,0.05732800,0.05735400,0.05729500,0.05729500,35.87400000,1532763959999,2.05618269,54,18.58500000,1.06504348,0
1532763960000,0.05729500,0.05735500,0.05728300,0.05731500,63.43800000,1532764019999,3.63519251,71,47.62400000,2.72880138,0
1532764020000,0.05731500,0.05735000,0.05731000,0.05733100,71.33900000,1532764079999,4.08918736,57,22.03300000,1.26319428,0
1532764080000,0.05731000,0.05732900,0.05729500,0.05731500,39.86800000,1532764139999,2.28501525,49,24.46100000,1.40211424,0
1532764140000,0.05731500,0.05732700,0.05724300,0.05730900,79.92600000,1532764199999,4.57906232,98,29.06200000,1.66545103,0
1532764200000,0.05730800,0.05731300,0.05729000,0.05730700,30.07100000,1532764259999,1.72322004,58,17.82200000,1.02134594,0
1532764260000,0.05730700,0.05731200,0.05726300,0.05726400,38.17400000,1532764319999,2.18711856,45,11.13800000,0.63824801,0
1532764320000,0.05726400,0.05730300,0.05721000,0.05726200,85.02000000,1532764379999,4.86623513,90,8.35600000,0.47856289,0
1532764380000,0.05725600,0.05728400,0.05721100,0.05726400,46.18000000,1532764439999,2.64404340,62,31.36300000,1.79593594,0
1532764440000,0.05726300,0.05728400,0.05726000,0.05726000,15.93900000,1532764499999,0.91293992,48,12.99300000,0.74420846,0
1532764500000,0.05726100,0.05731900,0.05726100,0.05731000,51.44300000,1532764559999,2.94751221,80,43.40700000,2.48711519,0
1532764560000,0.05731200,0.05732900,0.05728500,0.05731500,33.52400000,1532764619999,1.92131839,66,30.70300000,1.75970168,0
1532764620000,0.05728900,0.05731500,0.05728900,0.05729600,24.93900000,1532764679999,1.42924985,54,21.57800000,1.23667907,0
1532764680000,0.05730500,0.05733200,0.05725800,0.05732800,31.63500000,1532764739999,1.81307346,57,24.38500000,1.39773277,0
1532764740000,0.05732900,0.05733200,0.05730900,0.05733200,26.82900000,1532764799999,1.53799981,69,22.36500000,1.28213921,0
1532764800000,0.05733200,0.05733200,0.05730900,0.05732900,15.53700000,1532764859999,0.89066949,62,14.30400000,0.81999829,0
1532764860000,0.05730900,0.05733000,0.05730900,0.05732900,29.63600000,1532764919999,1.69881370,74,19.77600000,1.13368522,0
1532764920000,0.05732900,0.05737800,0.05732800,0.05735600,45.75500000,1532764979999,2.62313813,64,32.41200000,1.85819248,0
1532764980000,0.05733100,0.05738000,0.05733100,0.05736900,34.08000000,1532765039999,1.95471966,72,26.73100000,1.53332347,0
1532765040000,0.05736900,0.05738700,0.05734300,0.05738100,30.72000000,1532765099999,1.76231691,80,19.68900000,1.12964534,0
1532765100000,0.05738100,0.05738700,0.05735500,0.05738400,38.25100000,1532765159999,2.19464635,51,33.26400000,1.90857089,0
1532765160000,0.05738400,0.05738700,0.05735100,0.05738000,38.11300000,1532765219999,2.18630942,72,14.76700000,0.84724828,0
1532765220000,0.05735300,0.05737500,0.05735200,0.05735700,47.35000000,1532765279999,2.71611652,60,20.18700000,1.15815127,0
1532765280000,0.05738200,0.05738700,0.05735100,0.05735100,169.73600000,1532765339999,9.73564683,53,9.75900000,0.55998677,0
1532765340000,0.05735100,0.05737600,0.05735100,0.05735200,52.91800000,1532765399999,3.03506977,41,20.16200000,1.15643938,0
1532765400000,0.05735900,0.05738800,0.05735100,0.05735200,123.40800000,1532765459999,7.07902309,86,90.87100000,5.21295458,0
1532765460000,0.05738400,0.05740600,0.05735200,0.05735200,111.49000000,1532765519999,6.39630389,63,104.05100000,5.96952386,0
1532765520000,0.05735200,0.05736900,0.05735200,0.05736900,44.64700000,1532765579999,2.56103708,55,27.82800000,1.59643090,0
1532765580000,0.05735200,0.05738700,0.05735200,0.05735300,109.97200000,1532765639999,6.30814460,61,73.46700000,4.21447849,0
1532765640000,0.05735300,0.05735300,0.05730400,0.05733900,149.47300000,1532765699999,8.56970063,106,77.67100000,4.45270892,0
1532765700000,0.05733900,0.05733900,0.05730400,0.05733600,86.47900000,1532765759999,4.95767087,79,69.83300000,4.00359860,0
1532765760000,0.05732500,0.05733700,0.05730600,0.05733700,170.00900000,1532765819999,9.74679628,59,154.69300000,8.86883291,0
1532765820000,0.05733700,0.05738300,0.05733400,0.05737400,67.16700000,1532765879999,3.85187634,56,56.57400000,3.24429116,0
1532765880000,0.05734500,0.05735500,0.05730400,0.05734900,124.10200000,1532765939999,7.11690854,52,51.62100000,2.96041002,0
1532765940000,0.05734800,0.05736100,0.05732000,0.05734700,71.77200000,1532765999999,4.11558114,63,56.06100000,3.21487269,0
1532766000000,0.05734700,0.05734700,0.05730600,0.05733400,33.15100000,1532766059999,1.90018681,45,25.28200000,1.44918717,0
1532766060000,0.05731200,0.05734700,0.05731200,0.05734700,88.90100000,1532766119999,5.09682393,69,63.36700000,3.63291915,0
1532766120000,0.05734700,0.05734800,0.05733500,0.05734700,27.99700000,1532766179999,1.60536525,54,14.21600000,0.81523038,0
1532766180000,0.05733500,0.05738700,0.05733500,0.05738700,29.46500000,1532766239999,1.68976864,69,10.01400000,0.57440703,0
1532766240000,0.05738700,0.05738700,0.05734900,0.05736700,22.40600000,1532766299999,1.28566150,44,19.06200000,1.09384326,0
1532766300000,0.05736700,0.05738700,0.05734800,0.05737500,37.32600000,1532766359999,2.14172315,80,22.90300000,1.31428266,0
1532766360000,0.05736800,0.05738600,0.05734800,0.05738600,27.43200000,1532766419999,1.57358046,72,17.20100000,0.98674698,0
1532766420000,0.05738600,0.05738600,0.05736100,0.05736100,33.03800000,1532766479999,1.89514266,56,1.92000000,0.11016000,0
1532766480000,0.05737200,0.05737200,0.05734800,0.05736900,20.16100000,1532766539999,1.15645157,53,8.20700000,0.47079659,0
1532766540000,0.05735900,0.05736900,0.05731200,0.05733200,57.81400000,1532766599999,3.31590672,69,30.79400000,1.76647224,0
1532766600000,0.05733200,0.05736600,0.05733200,0.05734300,35.08300000,1532766659999,2.01209749,63,25.54900000,1.46545368,0
1532766660000,0.05734300,0.05736700,0.05734000,0.05736600,46.43300000,1532766719999,2.66314525,90,23.50200000,1.34812483,0
1532766720000,0.05736600,0.05736600,0.05733200,0.05735100,45.93700000,1532766779999,2.63444762,47,12.39200000,0.71080138,0
1532766780000,0.05735900,0.05736500,0.05735000,0.05735000,250.59900000,1532766839999,14.37354998,36,114.41300000,6.56301096,0
1532766840000,0.05735000,0.05736200,0.05728500,0.05732100,71.15900000,1532766899999,4.07849054,59,10.23100000,0.58670919,0
1532766900000,0.05732900,0.05737100,0.05732100,0.05734500,63.91700000,1532766959999,3.66435541,78,58.03600000,3.32721419,0
1532766960000,0.05734700,0.05737000,0.05732100,0.05732800,28.70000000,1532767019999,1.64594903,27,13.52600000,0.77595079,0
1532767020000,0.05735500,0.05736800,0.05732200,0.05735900,31.39600000,1532767079999,1.80037781,69,16.37300000,0.93913545,0
1532767080000,0.05735900,0.05735900,0.05732200,0.05734800,34.68100000,1532767139999,1.98880461,48,27.11800000,1.55520662,0
1532767140000,0.05733000,0.05734600,0.05732900,0.05733500,44.54900000,1532767199999,2.55416912,59,28.95600000,1.66021324,0
1532767200000,0.05733500,0.05734000,0.05733100,0.05733900,32.10500000,1532767259999,1.84076282,62,24.06000000,1.37952994,0
1532767260000,0.05733900,0.05734000,0.05728200,0.05732300,30.94100000,1532767319999,1.77390378,68,16.86500000,0.96695676,0
1532767320000,0.05733400,0.05736700,0.05732200,0.05735800,37.29000000,1532767379999,2.13853468,75,28.76600000,1.64968530,0
1532767380000,0.05733600,0.05740000,0.05733600,0.05740000,50.22500000,1532767439999,2.88203783,77,38.41100000,2.20443166,0
1532767440000,0.05740000,0.05740000,0.05737400,0.05738100,45.49600000,1532767499999,2.61111754,77,20.68500000,1.18730973,0
1532767500000,0.05739600,0.05739900,0.05737800,0.05737800,38.32100000,1532767559999,2.19918803,41,28.70300000,1.64731738,0
1532767560000,0.05739800,0.05740000,0.05736200,0.05739900,22.23300000,1532767619999,1.27604298,47,20.58200000,1.18133239,0
1532767620000,0.05737900,0.05740000,0.05734100,0.05739800,11.83800000,1532767679999,0.67925881,39,3.46800000,0.19904934,0
1532767680000,0.05737900,0.05740000,0.05737900,0.05737900,21.29200000,1532767739999,1.22209275,41,18.67800000,1.07208316,0
1532767740000,0.05739800,0.05739800,0.05732800,0.05735900,11.38800000,1532767799999,0.65329157,39,2.79100000,0.16018109,0
1532767800000,0.05735900,0.05737800,0.05733500,0.05737400,13.06500000,1532767859999,0.74939970,30,4.63800000,0.26610187,0
1532767860000,0.05733500,0.05735500,0.05724100,0.05733400,139.14600000,1532767919999,7.97547545,125,50.28300000,2.88281126,0
1532767920000,0.05727900,0.05734900,0.05727900,0.05731000,92.72100000,1532767979999,5.31569403,94,52.62800000,3.01781028,0
1532767980000,0.05731000,0.05734400,0.05725000,0.05734300,56.43300000,1532768039999,3.23471045,53,33.97200000,1.94775040,0
1532768040000,0.05734100,0.05734100,0.05729200,0.05730400,30.50200000,1532768099999,1.74797685,88,18.22500000,1.04450203,0
1532768100000,0.05730300,0.05731800,0.05728200,0.05729000,37.92200000,1532768159999,2.17294019,78,20.08700000,1.15117382,0
1532768160000,0.05729100,0.05731800,0.05728200,0.05730100,35.72600000,1532768219999,2.04672493,61,26.19800000,1.50092571,0
1532768220000,0.05730200,0.05730200,0.05728200,0.05728200,19.35600000,1532768279999,1.10896010,44,12.92500000,0.74057475,0
1532768280000,0.05730200,0.05731800,0.05722800,0.05728800,57.58400000,1532768339999,3.29883188,94,48.98900000,2.80647107,0
1532768340000,0.05728800,0.05732500,0.05726900,0.05731700,21.29800000,1532768399999,1.22057897,62,5.76800000,0.33058717,0
1532768400000,0.05727200,0.05731700,0.05727200,0.05730000,30.37300000,1532768459999,1.74026332,59,20.65500000,1.18357688,0
1532768460000,0.05730700,0.05730800,0.05723500,0.05729900,93.01700000,1532768519999,5.32834115,79,24.60500000,1.41003081,0
1532768520000,0.05729900,0.05732500,0.05727400,0.05732400,37.23100000,1532768579999,2.13380652,58,34.60000000,1.98307847,0
1532768580000,0.05732400,0.05734400,0.05728500,0.05733400,28.85300000,1532768639999,1.65389542,63,17.11800000,0.98140211,0
1532768640000,0.05733300,0.05734900,0.05727300,0.05731900,57.86300000,1532768699999,3.31688883,94,35.60300000,2.04136878,0
1532768700000,0.05731900,0.05734900,0.05731300,0.05732900,70.74600000,1532768759999,4.05652602,115,45.73400000,2.62261931,0
1532768760000,0.05734600,0.05734800,0.05732400,0.05734500,31.61200000,1532768819999,1.81241513,62,13.51000000,0.77470984,0
1532768820000,0.05734500,0.05734900,0.05732500,0.05733700,106.33700000,1532768879999,6.09800580,87,99.94100000,5.73134735,0
1532768880000,0.05733700,0.05735000,0.05733000,0.05734900,377.02500000,1532768939999,21.62024882,96,366.82000000,21.03507290,0
1532768940000,0.05734900,0.05735000,0.05732400,0.05734900,86.34500000,1532768999999,4.95157528,95,63.37600000,3.63453485,0
1532769000000,0.05734900,0.05735500,0.05733700,0.05735500,51.38400000,1532769059999,2.94675579,82,45.50400000,2.60958276,0
1532769060000,0.05734400,0.05737800,0.05732400,0.05737500,42.70300000,1532769119999,2.44924711,84,18.24900000,1.04705651,0
1532769120000,0.05737500,0.05740000,0.05735000,0.05735300,139.33900000,1532769179999,7.99522833,97,94.63400000,5.43110916,0
1532769180000,0.05737000,0.05739200,0.05734900,0.05738600,94.29200000,1532769239999,5.40852621,122,48.45400000,2.77952939,0
1532769240000,0.05736600,0.05739300,0.05731300,0.05734900,70.13500000,1532769299999,4.02250940,104,31.45100000,1.80381170,0
1532769300000,0.05734900,0.05735000,0.05732800,0.05735000,107.34300000,1532769359999,6.15560327,78,77.99200000,4.47261411,0
1532769360000,0.05735000,0.05737600,0.05733000,0.05737600,51.85400000,1532769419999,2.97365616,88,41.60100000,2.38581952,0
1532769420000,0.05733900,0.05740000,0.05733000,0.05733400,40.46900000,1532769479999,2.32072071,63,7.42000000,0.42575456,0
1532769480000,0.05738900,0.05738900,0.05733200,0.05736700,15.34800000,1532769539999,0.88045554,35,9.33400000,0.53553889,0
1532769540000,0.05736700,0.05740000,0.05733500,0.05740000,43.45100000,1532769599999,2.49281061,116,28.27900000,1.62253143,0
1532769600000,0.05738200,0.05740000,0.05733400,0.05735000,285.87400000,1532769659999,16.39573674,170,226.43100000,12.98620846,0
1532769660000,0.05734900,0.05735000,0.05733000,0.05733500,160.47000000,1532769719999,9.20265232,109,140.39000000,8.05126408,0
1532769720000,0.05733500,0.05735000,0.05730700,0.05731100,69.60400000,1532769779999,3.98993670,100,30.13500000,1.72773781,0
1532769780000,0.05731100,0.05734400,0.05730800,0.05732300,27.82100000,1532769839999,1.59502865,59,17.76100000,1.01838657,0
1532769840000,0.05732500,0.05735000,0.05732500,0.05733300,44.56900000,1532769899999,2.55577260,64,37.39900000,2.14469417,0
1532769900000,0.05735000,0.05735000,0.05733300,0.05735000,58.48400000,1532769959999,3.35347351,65,20.15600000,1.15593560,0
1532769960000,0.05734500,0.05739500,0.05733400,0.05739400,50.24300000,1532770019999,2.88110044,83,25.05400000,1.43682868,0
1532770020000,0.05739500,0.05739500,0.05734200,0.05735900,35.40100000,1532770079999,2.03101588,57,24.18000000,1.38747278,0
1532770080000,0.05734100,0.05739500,0.05733900,0.05734800,25.61400000,1532770139999,1.46918212,62,14.16600000,0.81267114,0
1532770140000,0.05736500,0.05736900,0.05734800,0.05736800,108.71000000,1532770199999,6.23512468,99,53.45000000,3.06591138,0
1532770200000,0.05736700,0.05737400,0.05733400,0.05734700,33.09300000,1532770259999,1.89826068,79,22.09800000,1.26773840,0
1532770260000,0.05733400,0.05734700,0.05725500,0.05733200,104.65300000,1532770319999,5.99710853,94,39.78700000,2.27977424,0
1532770320000,0.05733200,0.05733600,0.05727200,0.05732800,28.83600000,1532770379999,1.65253938,69,6.07300000,0.34812252,0
1532770380000,0.05730900,0.05733300,0.05730900,0.05731700,45.70500000,1532770439999,2.62022807,84,36.27500000,2.07971747,0
1532770440000,0.05731700,0.05733300,0.05730900,0.05731400,35.10500000,1532770499999,2.01227174,54,16.86500000,0.96690617,0
1532770500000,0.05733200,0.05734700,0.05731200,0.05734700,14.33300000,1532770559999,0.82166964,56,11.64400000,0.66755031,0
1532770560000,0.05734700,0.05738400,0.05731600,0.05734600,31.29300000,1532770619999,1.79465137,59,22.04800000,1.26458573,0
1532770620000,0.05734500,0.05738000,0.05731200,0.05734900,29.06000000,1532770679999,1.66638097,59,21.78600000,1.24942430,0
1532770680000,0.05734900,0.05735000,0.05733000,0.05735000,24.90000000,1532770739999,1.42779909,55,18.51300000,1.06161401,0
1532770740000,0.05733200,0.05736100,0.05733000,0.05735000,37.24200000,1532770799999,2.13581499,64,22.93700000,1.31541880,0
1532770800000,0.05733300,0.05737800,0.05733000,0.05733000,31.09600000,1532770859999,1.78306828,87,16.89800000,0.96906439,0
1532770860000,0.05734300,0.05734400,0.05726500,0.05732200,107.52500000,1532770919999,6.16158235,116,41.05800000,2.35389485,0
1532770920000,0.05729500,0.05733000,0.05729500,0.05732600,49.77200000,1532770979999,2.85285223,81,27.13900000,1.55579518,0
1532770980000,0.05732600,0.05733500,0.05728200,0.05728300,34.50600000,1532771039999,1.97737027,57,18.45600000,1.05786960,0
1532771040000,0.05731900,0.05732000,0.05728300,0.05731700,35.63400000,1532771099999,2.04204337,73,18.53700000,1.06244926,0
1532771100000,0.05729900,0.05732000,0.05728300,0.05731500,42.32300000,1532771159999,2.42543616,54,27.03400000,1.54950705,0
1532771160000,0.05728300,0.05732000,0.05725600,0.05730500,84.86800000,1532771219999,4.86217555,94,41.02900000,2.35111769,0
1532771220000,0.05730500,0.05732000,0.05728000,0.05729700,45.27400000,1532771279999,2.59410892,80,27.12200000,1.55419393,0
1532771280000,0.05729600,0.05730500,0.05728200,0.05728200,43.35800000,1532771339999,2.48402177,83,28.99200000,1.66108939,0
1532771340000,0.05728300,0.05736300,0.05728300,0.05733700,73.68700000,1532771399999,4.22404470,123,61.21000000,3.50886193,0
1532771400000,0.05733700,0.05735000,0.05729100,0.05734100,81.12100000,1532771459999,4.65104877,100,65.22100000,3.73974286,0
1532771460000,0.05734100,0.05734900,0.05731200,0.05732200,53.84800000,1532771519999,3.08659750,55,15.11500000,0.86657478,0
1532771520000,0.05732200,0.05733300,0.05731200,0.05733300,25.35900000,1532771579999,1.45378205,60,20.20500000,1.15836505,0
1532771580000,0.05733300,0.05734900,0.05731300,0.05732900,25.26600000,1532771639999,1.44825052,73,5.85100000,0.33546500,0
1532771640000,0.05732100,0.05733400,0.05731200,0.05733400,24.99000000,1532771699999,1.43250469,54,16.97100000,0.97290825,0
1532771700000,0.05733400,0.05738800,0.05731700,0.05736500,162.12100000,1532771759999,9.29717724,87,152.80100000,8.76281419,0
1532771760000,0.05738600,0.05740900,0.05736600,0.05740000,93.84700000,1532771819999,5.38575669,88,24.33400000,1.39661452,0
1532771820000,0.05738900,0.05740000,0.05736700,0.05739900,94.78900000,1532771879999,5.44041671,110,80.50900000,4.62098294,0
1532771880000,0.05740000,0.05740000,0.05739900,0.05739900,23.15000000,1532771939999,1.32880041,59,13.68700000,0.78563380,0
1532771940000,0.05739900,0.05740000,0.05733100,0.05738200,46.38000000,1532771999999,2.66072460,72,28.79500000,1.65205188,0
1532772000000,0.05735900,0.05738200,0.05735900,0.05736100,19.48400000,1532772059999,1.11789379,56,13.15600000,0.75490474,0
1532772060000,0.05737100,0.05738000,0.05731700,0.05731900,27.00200000,1532772119999,1.54841178,57,14.31000000,0.82065813,0
1532772120000,0.05732200,0.05734500,0.05732200,0.05732600,10.55800000,1532772179999,0.60533057,69,5.30700000,0.30431047,0
1532772180000,0.05733900,0.05734500,0.05732100,0.05732900,22.26800000,1532772239999,1.27667165,66,11.76400000,0.67453649,0
1532772240000,0.05732900,0.05735000,0.05732200,0.05732800,48.57700000,1532772299999,2.78544946,83,40.08200000,2.29843935,0
1532772300000,0.05734900,0.05735000,0.05732900,0.05734000,36.63000000,1532772359999,2.10037819,86,22.00100000,1.26168571,0
1532772360000,0.05734000,0.05735000,0.05731700,0.05731700,33.62500000,1532772419999,1.92783453,76,18.35200000,1.05238480,0
1532772420000,0.05734900,0.05734900,0.05729300,0.05729300,33.71600000,1532772479999,1.93240417,52,5.73200000,0.32865151,0
1532772480000,0.05729300,0.05733700,0.05728200,0.05729600,30.61400000,1532772539999,1.75431867,56,11.15500000,0.63941411,0
1532772540000,0.05732200,0.05735000,0.05729500,0.05730400,59.52000000,1532772599999,3.41134625,70,25.53100000,1.46373909,0
1532772600000,0.05730900,0.05731100,0.05726200,0.05726200,72.67300000,1532772659999,4.16344252,78,17.97600000,1.03015280,0
1532772660000,0.05730800,0.05733300,0.05726000,0.05727000,77.76200000,1532772719999,4.45542450,103,36.77800000,2.10744086,0
1532772720000,0.05731900,0.05731900,0.05722800,0.05723300,79.19700000,1532772779999,4.53460289,85,16.93100000,0.96992201,0
1532772780000,0.05723400,0.05731500,0.05723300,0.05730500,38.71600000,1532772839999,2.21782873,69,33.25100000,1.90482205,0
1532772840000,0.05730500,0.05730500,0.05728000,0.05729900,38.55200000,1532772899999,2.20896480,47,10.29700000,0.59002860,0
1532772900000,0.05729900,0.05730500,0.05727500,0.05728300,35.47000000,1532772959999,2.03196432,70,23.09600000,1.32317587,0
1532772960000,0.05730200,0.05730500,0.05728200,0.05728500,17.59500000,1532773019999,1.00815445,47,13.54600000,0.77621346,0
1532773020000,0.05728400,0.05730300,0.05723700,0.05727500,26.18000000,1532773079999,1.49908244,44,9.20000000,0.52696417,0
1532773080000,0.05726300,0.05728200,0.05726200,0.05727100,10.88400000,1532773139999,0.62333250,49,4.94200000,0.28305190,0
1532773140000,0.05727000,0.05729400,0.05726300,0.05729400,12.40300000,1532773199999,0.71045946,44,10.70700000,0.61333621,0
1532773200000,0.05729400,0.05729400,0.05723700,0.05726200,20.09700000,1532773259999,1.15107778,82,8.46300000,0.48481221,0
1532773260000,0.05726200,0.05729300,0.05726200,0.05728100,14.27000000,1532773319999,0.81730080,54,9.02700000,0.51706444,0
1532773320000,0.05728100,0.05729400,0.05723700,0.05724200,46.28700000,1532773379999,2.65108398,67,29.77200000,1.70540980,0
1532773380000,0.05726800,0.05728600,0.05724600,0.05728400,137.23800000,1532773439999,7.85814353,87,63.18100000,3.61804244,0
1532773440000,0.05726400,0.05731900,0.05726200,0.05727200,34.77900000,1532773499999,1.99232794,55,18.06000000,1.03477859,0
1532773500000,0.05730500,0.05730600,0.05726100,0.05728700,30.37100000,1532773559999,1.73966278,69,12.45400000,0.71351509,0
1532773560000,0.05726700,0.05728700,0.05726100,0.05726700,27.56800000,1532773619999,1.57885069,37,12.92800000,0.74047188,0
1532773620000,0.05726700,0.05728600,0.05722700,0.05727500,59.91800000,1532773679999,3.43130877,47,34.27600000,1.96317281,0
1532773680000,0.05727500,0.05730600,0.05725600,0.05727800,17.80200000,1532773739999,1.01956330,55,5.75600000,0.32968437,0
1532773740000,0.05727800,0.05730600,0.05727100,0.05727800,18.08100000,1532773799999,1.03580842,50,6.99000000,0.40054283,0
1532773800000,0.05727800,0.05730600,0.05727800,0.05730600,24.54500000,1532773859999,1.40636722,98,17.43500000,0.99907714,0
1532773860000,0.05730600,0.05730600,0.05728000,0.05728200,30.90500000,1532773919999,1.77061308,66,13.83200000,0.79255157,0
1532773920000,0.05728200,0.05730600,0.05728200,0.05728500,20.51600000,1532773979999,1.17537969,59,10.12500000,0.58013575,0
1532773980000,0.05728900,0.05731900,0.05728400,0.05729600,18.25600000,1532774039999,1.04609464,69,10.87900000,0.62345010,0
1532774040000,0.05729600,0.05731600,0.05728600,0.05730000,190.24900000,1532774099999,10.89955900,93,39.54200000,2.26576996,0
1532774100000,0.05728600,0.05730000,0.05728400,0.05728700,123.44500000,1532774159999,7.07215771,87,48.04300000,2.75263555,0
1532774160000,0.05728800,0.05730000,0.05728400,0.05730000,66.49100000,1532774219999,3.80912069,81,30.52700000,1.74886851,0
1532774220000,0.05729500,0.05730100,0.05728400,0.05728400,139.72000000,1532774279999,8.00446937,84,71.47500000,4.09501872,0
1532774280000,0.05728500,0.05730100,0.05727200,0.05729300,222.98900000,1532774339999,12.77320557,68,64.34600000,3.68642224,0
1532774340000,0.05727500,0.05729500,0.05727300,0.05728800,274.00400000,1532774399999,15.69403659,68,59.62800000,3.41575802,0
1532774400000,0.05728700,0.05729500,0.05725600,0.05726900,195.05200000,1532774459999,11.17154515,72,31.32300000,1.79402047,0
1532774460000,0.05727900,0.05728900,0.05724800,0.05726800,20.48600000,1532774519999,1.17313965,51,11.31300000,0.64791427,0
1532774520000,0.05726800,0.05728000,0.05725600,0.05726900,74.13300000,1532774579999,4.24519636,79,37.15700000,2.12792163,0
1532774580000,0.05726900,0.05726900,0.05724800,0.05724900,48.89000000,1532774639999,2.79949652,88,27.56600000,1.57851444,0
1532774640000,0.05725800,0.05725800,0.05722200,0.05725700,87.33100000,1532774699999,4.99917000,91,29.55600000,1.69206014,0
1532774700000,0.05724100,0.05725700,0.05723700,0.05724400,125.46500000,1532774759999,7.18282583,70,32.63500000,1.86838182,0
1532774760000,0.05725600,0.05725700,0.05724000,0.05725700,155.06300000,1532774819999,8.87733095,63,74.14700000,4.24508476,0
1532774820000,0.05725700,0.05725800,0.05724000,0.05725700,209.84500000,1532774879999,12.01238106,51,12.09300000,0.69238806,0
1532774880000,0.05725700,0.05725800,0.05723700,0.05725700,183.48400000,1532774939999,10.50264246,77,18.51300000,1.05977053,0
1532774940000,0.05725600,0.05726600,0.05723700,0.05724200,35.77900000,1532774999999,2.04824066,75,11.27800000,0.64575719,0
1532775000000,0.05725200,0.05726200,0.05723800,0.05723900,19.08400000,1532775059999,1.09246139,72,5.33100000,0.30523728,0
1532775060000,0.05723900,0.05726200,0.05723700,0.05725900,47.94700000,1532775119999,2.74456481,90,12.67100000,0.72544497,0
1532775120000,0.05723900,0.05726200,0.05723700,0.05723700,59.91800000,1532775179999,3.42987014,67,15.57900000,0.89201344,0
1532775180000,0.05723700,0.05725900,0.05723300,0.05725900,30.74200000,1532775239999,1.75989687,49,17.68100000,1.01235067,0
1532775240000,0.05725900,0.05729600,0.05724100,0.05727700,35.65100000,1532775299999,2.04160580,73,28.65200000,1.64087309,0
1532775300000,0.05729600,0.05730100,0.05726900,0.05730000,68.49700000,1532775359999,3.92416042,100,34.66600000,1.98626439,0
1532775360000,0.05728500,0.05730000,0.05726000,0.05729600,29.02900000,1532775419999,1.66298610,75,7.15700000,0.41006740,0
1532775420000,0.05728700,0.05730000,0.05726500,0.05727900,53.54800000,1532775479999,3.06772216,56,31.78800000,1.82130772,0
1532775480000,0.05729800,0.05733600,0.05727800,0.05732500,240.54600000,1532775539999,13.78230305,77,176.20600000,10.09649468,0
1532775540000,0.05730100,0.05734900,0.05730100,0.05731300,72.60000000,1532775599999,4.16193699,60,50.11300000,2.87323313,0
1532775600000,0.05733200,0.05734500,0.05729900,0.05730300,31.35900000,1532775659999,1.79720516,78,10.00600000,0.57349811,0
1532775660000,0.05730300,0.05732300,0.05726200,0.05730100,48.22700000,1532775719999,2.76324363,68,19.62900000,1.12506450,0
1532775720000,0.05730100,0.05731700,0.05725900,0.05731400,32.37900000,1532775779999,1.85484957,64,9.23500000,0.52925372,0
1532775780000,0.05727100,0.05731800,0.05724100,0.05724300,124.80300000,1532775839999,7.14659582,83,7.14400000,0.40905718,0
1532775840000,0.05724300,0.05724400,0.05720000,0.05723200,81.55000000,1532775899999,4.66673866,132,41.52700000,2.37690220,0
1532775900000,0.05723100,0.05724300,0.05721100,0.05724100,24.63100000,1532775959999,1.40950655,53,10.16500000,0.58182817,0
1532775960000,0.05721700,0.05725400,0.05721700,0.05722200,24.23100000,1532776019999,1.38705526,45,10.64500000,0.60931532,0
1532776020000,0.05724700,0.05727900,0.05721200,0.05727900,53.16500000,1532776079999,3.04330340,73,34.17000000,1.95623179,0
1532776080000,0.05724900,0.05727900,0.05724900,0.05727600,11.85300000,1532776139999,0.67877038,33,8.73200000,0.50007805,0
1532776140000,0.05727600,0.05727900,0.05721000,0.05724400,89.51500000,1532776199999,5.12360984,78,12.19000000,0.69797891,0
1532776200000,0.05724000,0.05726500,0.05718300,0.05724100,198.63900000,1532776259999,11.36376061,120,61.42400000,3.51404987,0
1532776260000,0.05722200,0.05730000,0.05722200,0.05726400,111.40800000,1532776319999,6.38063404,58,59.35100000,3.39976878,0
1532776320000,0.05727300,0.05728300,0.05723000,0.05724300,146.72200000,1532776379999,8.40188525,29,19.78300000,1.13296083,0
1532776380000,0.05725900,0.05729800,0.05725000,0.05727800,57.94100000,1532776439999,3.31813980,69,53.55200000,3.06676488,0
1532776440000,0.05727800,0.05729900,0.05724200,0.05726200,40.69700000,1532776499999,2.33059516,67,12.23600000,0.70085401,0
1532776500000,0.05724300,0.05726200,0.05718300,0.05718300,30.01200000,1532776559999,1.71769237,55,9.52600000,0.54542064,0
1532776560000,0.05723600,0.05723600,0.05716000,0.05719900,47.48000000,1532776619999,2.71519036,66,28.52600000,1.63170439,0
1532776620000,0.05719900,0.05719900,0.05711500,0.05714900,49.63100000,1532776679999,2.83725898,112,18.88900000,1.07992284,0
1532776680000,0.05714900,0.05715000,0.05706500,0.05708200,112.82700000,1532776739999,6.44366991,147,37.47500000,2.14035653,0
1532776740000,0.05706500,0.05710500,0.05705200,0.05709600,178.31400000,1532776799999,10.17702261,110,115.47500000,6.59135532,0
1532776800000,0.05709600,0.05710100,0.05708100,0.05710000,158.27800000,1532776859999,9.03688016,45,156.38200000,8.92865285,0
1532776860000,0.05710000,0.05713100,0.05708800,0.05710200,24.57100000,1532776919999,1.40315528,52,7.86800000,0.44938162,0
1532776920000,0.05710300,0.05713900,0.05708000,0.05710700,72.33700000,1532776979999,4.13081509,56,47.08200000,2.68874112,0
1532776980000,0.05709900,0.05711600,0.05709900,0.05710700,120.71500000,1532777039999,6.89347351,47,110.37100000,6.30278434,0
1532777040000,0.05710800,0.05711700,0.05707400,0.05707400,122.99700000,1532777099999,7.02348896,74,27.85400000,1.59080341,0
1532777100000,0.05706500,0.05709700,0.05696800,0.05696800,142.39700000,1532777159999,8.11696047,152,89.55500000,5.10411486,0
1532777160000,0.05698000,0.05704500,0.05695500,0.05703400,116.83600000,1532777219999,6.65964679,87,115.33300000,6.57402716,0
1532777220000,0.05703400,0.05703400,0.05699800,0.05701800,121.38700000,1532777279999,6.92181262,61,115.51400000,6.58699783,0
1532777280000,0.05701800,0.05703400,0.05698800,0.05701200,29.84500000,1532777339999,1.70128676,64,15.66500000,0.89314058,0
1532777340000,0.05701200,0.05703400,0.05696000,0.05701000,152.43700000,1532777399999,8.68944037,86,134.02300000,7.63978730,0
1532777400000,0.05701000,0.05703400,0.05701000,0.05703400,72.54100000,1532777459999,4.13662751,96,47.92100000,2.73285741,0
1532777460000,0.05703300,0.05705000,0.05702000,0.05702500,74.12600000,1532777519999,4.22734448,57,32.22000000,1.83770103,0
1532777520000,0.05702900,0.05703100,0.05696400,0.05701900,41.21700000,1532777579999,2.35012042,76,14.27700000,0.81416236,0
1532777580000,0.05701900,0.05704300,0.05699900,0.05704300,45.54500000,1532777639999,2.59750942,70,38.00200000,2.16744715,0
1532777640000,0.05704300,0.05705000,0.05701400,0.05704500,32.91500000,1532777699999,1.87729641,56,20.97500000,1.19640733,0
1532777700000,0.05704200,0.05705000,0.05702600,0.05702700,77.92700000,1532777759999,4.44433091,65,38.48900000,2.19529220,0
1532777760000,0.05704400,0.05704400,0.05699800,0.05703500,109.97800000,1532777819999,6.27128754,56,70.47200000,4.01879729,0
1532777820000,0.05703500,0.05704000,0.05701400,0.05704000,65.06200000,1532777879999,3.71043175,84,38.47700000,2.19452098,0
1532777880000,0.05703500,0.05705000,0.05703500,0.05705000,179.39500000,1532777939999,10.23325114,60,128.64300000,7.33854092,0
1532777940000,0.05705000,0.05708500,0.05703500,0.05708500,54.46400000,1532777999999,3.10746815,65,42.89900000,2.44741715,0
1532778000000,0.05707000,0.05718600,0.05704900,0.05718600,151.89900000,1532778059999,8.67881517,95,117.78300000,6.73110530,0
1532778060000,0.05718600,0.05718600,0.05714900,0.05715300,59.75500000,1532778119999,3.41533414,44,26.52100000,1.51593489,0
1532778120000,0.05715800,0.05716000,0.05715300,0.05716000,17.51100000,1532778179999,1.00088478,36,11.78000000,0.67333526,0
1532778180000,0.05716000,0.05717200,0.05715300,0.05715400,16.27100000,1532778239999,0.93009955,44,10.71400000,0.61248393,0
1532778240000,0.05715400,0.05718600,0.05712300,0.05718600,24.83700000,1532778299999,1.41984527,50,19.30200000,1.10357989,0
1532778300000,0.05714200,0.05718600,0.05714200,0.05716500,10.64100000,1532778359999,0.60840002,29,6.35500000,0.36339403,0
1532778360000,0.05716500,0.05718500,0.05712500,0.05717400,43.43100000,1532778419999,2.48227795,68,17.32800000,0.99029178,0
1532778420000,0.05717400,0.05720000,0.05717300,0.05719100,10.49900000,1532778479999,0.60035237,34,5.53900000,0.31675012,0
1532778480000,0.05719000,0.05720000,0.05719000,0.05720000,17.40800000,1532778539999,0.99571977,47,14.60700000,0.83551464,0
1532778540000,0.05720000,0.05720900,0.05718200,0.05720800,84.77300000,1532778599999,4.84862934,75,16.78100000,0.95980245,0
1532778600000,0.05719100,0.05720600,0.05718500,0.05718500,50.00700000,1532778659999,2.86004901,37,19.64200000,1.12350808,0
1532778660000,0.05718500,0.05720800,0.05718400,0.05720500,12.87400000,1532778719999,0.73625763,39,4.41800000,0.25269577,0
1532778720000,0.05720200,0.05720600,0.05718000,0.05718000,75.77500000,1532778779999,4.33384068,73,52.94600000,3.02836792,0
1532778780000,0.05713600,0.05717300,0.05713600,0.05713900,13.22200000,1532778839999,0.75566462,39,8.00700000,0.45766612,0
1532778840000,0.05713900,0.05714600,0.05712900,0.05712900,77.71500000,1532778899999,4.44053934,38,49.91600000,2.85219174,0
1532778900000,0.05714400,0.05714400,0.05712000,0.05712500,35.86300000,1532778959999,2.04903667,52,29.20400000,1.66861446,0
1532778960000,0.05712400,0.05714200,0.05708100,0.05713700,56.49400000,1532779019999,3.22584069,66,12.55900000,0.71742180,0
1532779020000,0.05713600,0.05716600,0.05704300,0.05708600,121.87900000,1532779079999,6.95832586,102,21.52100000,1.22956225,0
1532779080000,0.05710300,0.05713400,0.05708000,0.05712600,46.11600000,1532779139999,2.63317979,57,13.41300000,0.76600113,0
1532779140000,0.05710600,0.05712900,0.05710300,0.05712000,89.27200000,1532779199999,5.09850901,44,43.07200000,2.46018541,0
1532779200000,0.05712000,0.05714300,0.05709500,0.05709700,59.68200000,1532779259999,3.40823923,93,18.46000000,1.05451741,0
1532779260000,0.05712300,0.05712400,0.05709500,0.05709700,28.54400000,1532779319999,1.63009867,65,13.78400000,0.78730873,0
1532779320000,0.05709500,0.05712300,0.05709500,0.05711100,20.97100000,1532779379999,1.19766712,55,15.20000000,0.86816310,0
1532779380000,0.05712200,0.05713200,0.05710900,0.05710900,225.99900000,1532779439999,12.90894103,70,123.89300000,7.07703215,0
1532779440000,0.05711000,0.05714300,0.05710900,0.05714100,18.43600000,1532779499999,1.05299625,48,14.81900000,0.84642209,0
1532779500000,0.05711800,0.05714100,0.05709900,0.05711300,83.82100000,1532779559999,4.78705783,60,19.49900000,1.11366537,0
1532779560000,0.05713400,0.05714100,0.05711300,0.05711800,68.88400000,1532779619999,3.93506757,52,52.89900000,3.02208005,0
1532779620000,0.05711800,0.05714100,0.05711800,0.05714000,14.60800000,1532779679999,0.83456925,44,9.97500000,0.56992730,0
1532779680000,0.05713900,0.05715700,0.05712000,0.05714000,34.23500000,1532779739999,1.95590008,85,17.22000000,0.98395842,0
1532779740000,0.05714000,0.05714000,0.05712000,0.05713200,12.10500000,1532779799999,0.69152036,36,4.99900000,0.28561365,0
1532779800000,0.05713200,0.05713700,0.05711700,0.05711700,35.64700000,1532779859999,2.03649277,66,27.05700000,1.54582768,0
1532779860000,0.05711700,0.05713600,0.05711400,0.05711600,71.62000000,1532779919999,4.09101710,68,30.53200000,1.74420611,0
1532779920000,0.05711600,0.05713300,0.05711500,0.05712800,64.37700000,1532779979999,3.67725663,49,27.75900000,1.58578739,0
1532779980000,0.05712800,0.05713000,0.05711500,0.05712800,77.48600000,1532780039999,4.42622622,98,48.86000000,2.79115515,0
1532780040000,0.05712900,0.05712900,0.05711500,0.05712700,46.57400000,1532780099999,2.66058360,75,44.73800000,2.55571666,0
1532780100000,0.05711700,0.05712700,0.05711700,0.05712600,12.54900000,1532780159999,0.71683605,38,7.71600000,0.44078913,0
